order_id,customer_id,product_id,quantity,unit_price,discount_pct,order_ts,status,payment_status,fulfillment_center,extract_date,source_system
ORD100000,CUST00003,PROD0036,1,89.71,0.1,2026-07-15T04:31:13.574170,Delivered,Paid,FC_SOUTH,2026-07-16,ERP_BATCH
ORD100001,CUST00193,PROD0044,3,457.0,0.0,2026-07-15T03:39:30.683592,Delivered,Paid,FC_SOUTH,2026-07-16,ERP_BATCH
ORD100002,CUST00029,PROD0050,3,282.88,0.15,2026-07-15T12:24:42.840039,Refunded,Refunded,FC_SOUTH,2026-07-16,ERP_BATCH
ORD100004,CUST00130,PROD0033,1,336.74,0.2,2026-07-15T08:04:04.748282,Delivered,Paid,FC_NORTH,2026-07-16,ERP_BATCH
ORD100005,CUST00164,PROD0056,5,80.66,0.0,2026-07-15T12:58:26.945870,Cancelled,Failed,FC_EAST,2026-07-16,ERP_BATCH
ORD100006,CUST00096,PROD0039,2,345.64,0.15,2026-07-16T04:16:53.472095,Delivered,Paid,FC_EAST,2026-07-16,ERP_BATCH
ORD100007,CUST00136,PROD0035,1,40.34,0.1,2026-07-15T01:11:30.435500,Delivered,Paid,FC_NORTH,2026-07-16,ERP_BATCH
ORD100008,CUST00005,PROD0039,1,345.64,0.15,2026-07-15T23:47:06.814080,Delivered,Paid,FC_SOUTH,2026-07-16,ERP_BATCH
ORD100009,CUST00079,PROD0060,2,266.91,0.1,2026-07-15T22:23:29.108537,Cancelled,Failed,FC_SOUTH,2026-07-16,ERP_BATCH
ORD100010,CUST00146,PROD0004,1,339.97,0.15,2026-07-16T02:46:30.498279,Delivered,Paid,FC_EAST,2026-07-16,ERP_BATCH
ORD100011,CUST00018,PROD0006,5,20.73,0.0,2026-07-15T09:08:49.005329,Shipped,Paid,FC_NORTH,2026-07-16,ERP_BATCH
ORD100013,CUST00136,PROD0036,5,89.71,0.15,2026-07-16T05:29:39.734709,Delivered,Paid,FC_SOUTH,2026-07-16,ERP_BATCH
ORD100014,CUST00139,PROD0028,2,492.68,0.05,2026-07-15T00:48:06.480915,Delivered,Paid,FC_NORTH,2026-07-16,ERP_BATCH
ORD100015,CUST00172,PROD0046,3,110.25,0.15,2026-07-16T00:13:54.529399,Delivered,Paid,FC_EAST,2026-07-16,ERP_BATCH
ORD100016,CUST00116,PROD0029,1,433.91,0.0,2026-07-15T03:07:34.618588,Shipped,Paid,FC_WEST,2026-07-16,ERP_BATCH
ORD100017,CUST00087,PROD0016,1,478.82,0.2,2026-07-16T03:21:20.859049,Refunded,Refunded,FC_WEST,2026-07-16,ERP_BATCH
ORD100018,CUST00151,PROD0038,2,192.83,0.05,2026-07-15T15:32:11.925329,Delivered,Paid,FC_NORTH,2026-07-16,ERP_BATCH
ORD100021,CUST00072,PROD0005,4,48.03,0.05,2026-07-15T16:57:51.205963,Cancelled,Failed,FC_WEST,2026-07-16,ERP_BATCH
ORD100022,CUST00186,PROD0014,5,350.58,0.0,2026-07-15T16:03:50.149594,Refunded,Refunded,FC_SOUTH,2026-07-16,ERP_BATCH
ORD100023,CUST00122,PROD0037,4,126.18,0.2,2026-07-15T18:27:12.739446,Delivered,Paid,FC_EAST,2026-07-16,ERP_BATCH
ORD100025,CUST00120,PROD0023,1,415.56,0.05,2026-07-15T20:12:57.441648,Refunded,Refunded,FC_SOUTH,2026-07-16,ERP_BATCH
ORD100026,CUST00166,PROD0044,1,457.0,0.1,2026-07-15T11:57:48.155584,Refunded,Refunded,FC_NORTH,2026-07-16,ERP_BATCH
ORD100027,CUST00087,PROD0004,1,339.97,0.0,2026-07-15T20:58:05.968388,Cancelled,Failed,FC_WEST,2026-07-16,ERP_BATCH
ORD100028,CUST00138,PROD0016,4,478.82,0.0,2026-07-16T04:32:39.641963,Cancelled,Failed,FC_WEST,2026-07-16,ERP_BATCH
ORD100029,CUST00072,PROD0009,4,103.42,0.0,2026-07-15T20:16:36.759755,Cancelled,Failed,FC_NORTH,2026-07-16,ERP_BATCH
ORD100030,CUST00020,PROD0016,4,478.82,0.0,2026-07-15T04:01:42.178183,Delivered,Paid,FC_WEST,2026-07-16,ERP_BATCH
ORD100031,CUST00141,PROD0052,1,449.42,0.05,2026-07-15T04:29:59.984588,Shipped,Paid,FC_SOUTH,2026-07-16,ERP_BATCH
ORD100032,CUST00139,PROD0004,1,339.97,0.2,2026-07-15T12:00:37.536787,Delivered,Paid,FC_EAST,2026-07-16,ERP_BATCH
ORD100033,CUST00061,PROD0006,2,20.73,0.15,2026-07-15T02:09:57.074003,Shipped,Paid,FC_EAST,2026-07-16,ERP_BATCH
ORD100034,CUST00055,PROD0027,4,117.81,0.2,2026-07-15T17:59:16.483834,Refunded,Refunded,FC_SOUTH,2026-07-16,ERP_BATCH
ORD100036,CUST00117,PROD0025,3,290.79,0.05,2026-07-16T01:54:05.899649,Refunded,Refunded,FC_EAST,2026-07-16,ERP_BATCH
ORD100037,CUST00188,PROD0028,5,492.68,0.0,2026-07-15T10:24:53.256962,Delivered,Paid,FC_NORTH,2026-07-16,ERP_BATCH
ORD100038,CUST00040,PROD0043,2,137.53,0.1,2026-07-15T09:37:53.657388,Shipped,Paid,FC_WEST,2026-07-16,ERP_BATCH
ORD100039,CUST00015,PROD0019,5,303.84,0.0,2026-07-16T03:36:25.078776,Cancelled,Failed,FC_EAST,2026-07-16,ERP_BATCH
ORD100040,CUST00192,PROD0048,3,232.13,0.0,2026-07-15T15:57:27.435061,Refunded,Refunded,FC_EAST,2026-07-16,ERP_BATCH
ORD100042,CUST00041,PROD0059,1,193.9,0.0,2026-07-15T04:48:35.224039,Shipped,Paid,FC_NORTH,2026-07-16,ERP_BATCH
ORD100045,CUST00146,PROD0008,2,303.0,0.2,2026-07-15T01:37:08.859404,Delivered,Paid,FC_WEST,2026-07-16,ERP_BATCH
ORD100046,CUST00159,PROD0038,1,192.83,0.0,2026-07-15T14:04:45.087484,Cancelled,Failed,FC_WEST,2026-07-16,ERP_BATCH
ORD100047,CUST00145,PROD0027,5,117.81,0.1,2026-07-15T11:49:21.835111,Refunded,Refunded,FC_SOUTH,2026-07-16,ERP_BATCH
ORD100048,CUST00053,PROD0021,3,66.79,0.1,2026-07-15T01:51:59.306137,Shipped,Paid,FC_EAST,2026-07-16,ERP_BATCH
ORD100049,CUST00034,PROD0016,3,478.82,0.05,2026-07-16T01:53:12.723287,Delivered,Paid,FC_WEST,2026-07-16,ERP_BATCH
ORD100050,CUST00193,PROD0030,1,142.6,0.0,2026-07-16T00:04:18.002041,Cancelled,Failed,FC_NORTH,2026-07-16,ERP_BATCH
ORD100051,CUST00145,PROD0001,1,60.11,0.0,2026-07-15T18:58:11.921944,Refunded,Refunded,FC_WEST,2026-07-16,ERP_BATCH
ORD100052,CUST00130,PROD0005,3,48.03,0.2,2026-07-15T16:07:16.872501,Delivered,Paid,FC_EAST,2026-07-16,ERP_BATCH
ORD100053,CUST00018,PROD0009,2,103.42,0.0,2026-07-15T01:55:06.300875,Shipped,Paid,FC_SOUTH,2026-07-16,ERP_BATCH
ORD100054,CUST00113,PROD0024,5,443.3,0.1,2026-07-16T01:11:28.972446,Delivered,Paid,FC_WEST,2026-07-16,ERP_BATCH
ORD100055,CUST00168,PROD0046,5,110.25,0.0,2026-07-16T00:33:43.427328,Cancelled,Failed,FC_NORTH,2026-07-16,ERP_BATCH
ORD100056,CUST00142,PROD0001,3,60.11,0.0,2026-07-15T11:26:46.102439,Delivered,Paid,FC_EAST,2026-07-16,ERP_BATCH
ORD100057,CUST00035,PROD0060,3,266.91,0.1,2026-07-15T11:36:24.385365,Cancelled,Failed,FC_WEST,2026-07-16,ERP_BATCH
ORD100058,CUST00191,PROD0008,5,303.0,0.1,2026-07-15T03:28:54.272634,Delivered,Paid,FC_SOUTH,2026-07-16,ERP_BATCH
ORD100059,CUST00155,PROD0010,2,352.16,0.1,2026-07-16T01:38:42.459927,Cancelled,Failed,FC_EAST,2026-07-16,ERP_BATCH
ORD100060,CUST00176,PROD0046,3,110.25,0.05,2026-07-15T23:06:46.894493,Delivered,Paid,FC_EAST,2026-07-16,ERP_BATCH
ORD100061,CUST00014,PROD0033,1,336.74,0.0,2026-07-15T17:53:02.886315,Delivered,Paid,FC_WEST,2026-07-16,ERP_BATCH
ORD100062,CUST00071,PROD0041,1,118.38,0.1,2026-07-15T20:12:57.810041,Refunded,Refunded,FC_EAST,2026-07-16,ERP_BATCH
ORD100063,CUST00034,PROD0001,3,60.11,0.2,2026-07-15T23:26:51.895838,Refunded,Refunded,FC_NORTH,2026-07-16,ERP_BATCH
ORD100064,CUST00142,PROD0011,4,114.12,0.0,2026-07-15T08:48:44.060292,Delivered,Paid,FC_NORTH,2026-07-16,ERP_BATCH
ORD100068,CUST00011,PROD0020,3,366.22,0.0,2026-07-15T22:19:53.181046,Delivered,Paid,FC_SOUTH,2026-07-16,ERP_BATCH
ORD100069,CUST00171,PROD0014,1,350.58,0.0,2026-07-15T10:56:10.444090,Shipped,Paid,FC_WEST,2026-07-16,ERP_BATCH
ORD100070,CUST00105,PROD0023,5,415.56,0.1,2026-07-15T07:24:58.519788,Shipped,Paid,FC_WEST,2026-07-16,ERP_BATCH
ORD100072,CUST00106,PROD0052,1,449.42,0.0,2026-07-15T06:18:56.605802,Shipped,Paid,FC_NORTH,2026-07-16,ERP_BATCH
ORD100073,CUST00086,PROD0012,4,142.7,0.0,2026-07-15T08:58:47.150557,Delivered,Paid,FC_WEST,2026-07-16,ERP_BATCH
ORD100074,CUST00189,PROD0052,2,449.42,0.05,2026-07-15T11:22:21.945498,Delivered,Paid,FC_SOUTH,2026-07-16,ERP_BATCH
ORD100076,CUST00121,PROD0025,2,290.79,0.05,2026-07-15T04:06:41.907864,Delivered,Paid,FC_WEST,2026-07-16,ERP_BATCH
ORD100077,CUST00118,PROD0013,3,380.61,0.15,2026-07-15T06:06:25.089980,Delivered,Paid,FC_NORTH,2026-07-16,ERP_BATCH
ORD100078,CUST00059,PROD0020,2,366.22,0.0,2026-07-15T05:57:54.621010,Delivered,Paid,FC_SOUTH,2026-07-16,ERP_BATCH
ORD100079,CUST00103,PROD0002,3,141.14,0.0,2026-07-15T11:43:38.054349,Delivered,Paid,FC_WEST,2026-07-16,ERP_BATCH
ORD100080,CUST00198,PROD0018,3,52.87,0.05,2026-07-15T04:23:31.768659,Shipped,Paid,FC_EAST,2026-07-16,ERP_BATCH
ORD100081,CUST00103,PROD0023,5,415.56,0.05,2026-07-15T12:23:35.642989,Delivered,Paid,FC_EAST,2026-07-16,ERP_BATCH
ORD100082,CUST00030,PROD0022,3,44.01,0.0,2026-07-15T01:42:13.734871,Delivered,Paid,FC_EAST,2026-07-16,ERP_BATCH
ORD100083,CUST00068,PROD0012,1,142.7,0.05,2026-07-15T14:34:45.325699,Cancelled,Failed,FC_SOUTH,2026-07-16,ERP_BATCH
ORD100084,CUST00089,PROD0007,3,113.23,0.0,2026-07-15T14:00:19.873892,Cancelled,Failed,FC_EAST,2026-07-16,ERP_BATCH
ORD100085,CUST00131,PROD0028,1,492.68,0.0,2026-07-15T13:39:34.310686,Delivered,Paid,FC_EAST,2026-07-16,ERP_BATCH
ORD100086,CUST00049,PROD0025,3,290.79,0.0,2026-07-15T03:07:48.751206,Delivered,Paid,FC_WEST,2026-07-16,ERP_BATCH
ORD100087,CUST00001,PROD0003,5,74.07,0.05,2026-07-15T09:58:37.332804,Delivered,Paid,FC_EAST,2026-07-16,ERP_BATCH
ORD100088,CUST00176,PROD0060,2,266.91,0.2,2026-07-15T06:28:07.278087,Delivered,Paid,FC_EAST,2026-07-16,ERP_BATCH
ORD100089,CUST00171,PROD0024,3,443.3,0.0,2026-07-15T19:56:19.866959,Refunded,Refunded,FC_WEST,2026-07-16,ERP_BATCH
ORD100090,CUST00032,PROD0040,3,343.88,0.2,2026-07-16T00:09:10.284920,Cancelled,Failed,FC_EAST,2026-07-16,ERP_BATCH
ORD100091,CUST00105,PROD0033,3,336.74,0.0,2026-07-16T00:19:08.793143,Refunded,Refunded,FC_NORTH,2026-07-16,ERP_BATCH
ORD100092,CUST00142,PROD0026,2,39.43,0.15,2026-07-15T10:23:33.527437,Delivered,Paid,FC_NORTH,2026-07-16,ERP_BATCH
ORD100093,CUST00098,PROD0013,2,380.61,0.05,2026-07-15T20:19:42.258710,Delivered,Paid,FC_EAST,2026-07-16,ERP_BATCH
ORD100094,CUST00104,PROD0040,5,343.88,0.05,2026-07-15T14:59:29.579748,Cancelled,Failed,FC_SOUTH,2026-07-16,ERP_BATCH
ORD100096,CUST00156,PROD0028,3,492.68,0.1,2026-07-15T07:12:49.272024,Shipped,Paid,FC_EAST,2026-07-16,ERP_BATCH
ORD100097,CUST00173,PROD0030,2,142.6,0.0,2026-07-15T19:33:44.318071,Cancelled,Failed,FC_SOUTH,2026-07-16,ERP_BATCH
ORD100098,CUST00189,PROD0033,2,336.74,0.0,2026-07-15T18:26:06.160220,Delivered,Paid,FC_SOUTH,2026-07-16,ERP_BATCH
ORD100101,CUST00051,PROD0044,2,457.0,0.0,2026-07-16T00:16:42.131322,Cancelled,Failed,FC_WEST,2026-07-16,ERP_BATCH
ORD100103,CUST00117,PROD0055,4,379.11,0.0,2026-07-15T07:50:01.180715,Delivered,Paid,FC_SOUTH,2026-07-16,ERP_BATCH
ORD100104,CUST00050,PROD0057,4,397.08,0.15,2026-07-15T12:48:49.865080,Refunded,Refunded,FC_WEST,2026-07-16,ERP_BATCH
ORD100105,CUST00038,PROD0032,1,188.24,0.15,2026-07-15T21:04:29.606889,Refunded,Refunded,FC_SOUTH,2026-07-16,ERP_BATCH
ORD100106,CUST00198,PROD0058,1,300.22,0.0,2026-07-15T08:27:46.093929,Delivered,Paid,FC_EAST,2026-07-16,ERP_BATCH
ORD100107,CUST00046,PROD0050,5,282.88,0.0,2026-07-15T20:09:34.848782,Delivered,Paid,FC_NORTH,2026-07-16,ERP_BATCH
ORD100110,CUST00194,PROD0036,4,89.71,0.0,2026-07-15T14:02:44.485248,Cancelled,Failed,FC_WEST,2026-07-16,ERP_BATCH
ORD100111,CUST00130,PROD0040,4,343.88,0.0,2026-07-15T06:09:49.301879,Delivered,Paid,FC_WEST,2026-07-16,ERP_BATCH
ORD100112,CUST00115,PROD0054,2,257.22,0.0,2026-07-15T02:51:58.837523,Shipped,Paid,FC_EAST,2026-07-16,ERP_BATCH
ORD100113,CUST00116,PROD0048,3,232.13,0.0,2026-07-15T04:29:41.140747,Delivered,Paid,FC_EAST,2026-07-16,ERP_BATCH
ORD100114,CUST00164,PROD0049,3,74.12,0.1,2026-07-16T02:32:47.479211,Refunded,Refunded,FC_NORTH,2026-07-16,ERP_BATCH
ORD100115,CUST00125,PROD0050,2,282.88,0.0,2026-07-15T07:30:14.047168,Delivered,Paid,FC_WEST,2026-07-16,ERP_BATCH
ORD100116,CUST00183,PROD0018,3,52.87,0.1,2026-07-15T19:37:51.608933,Cancelled,Failed,FC_WEST,2026-07-16,ERP_BATCH
ORD100117,CUST00082,PROD0016,5,478.82,0.2,2026-07-16T01:40:04.282448,Refunded,Refunded,FC_WEST,2026-07-16,ERP_BATCH
ORD100120,CUST00139,PROD0027,4,117.81,0.15,2026-07-15T20:47:22.600351,Delivered,Paid,FC_WEST,2026-07-16,ERP_BATCH
ORD100122,CUST00179,PROD0058,1,300.22,0.0,2026-07-15T07:47:12.337273,Delivered,Paid,FC_EAST,2026-07-16,ERP_BATCH
ORD100123,CUST00148,PROD0055,4,379.11,0.1,2026-07-15T03:48:24.674500,Shipped,Paid,FC_SOUTH,2026-07-16,ERP_BATCH
ORD100125,CUST00108,PROD0049,5,74.12,0.2,2026-07-15T21:25:18.868491,Delivered,Paid,FC_WEST,2026-07-16,ERP_BATCH
ORD100126,CUST00155,PROD0048,2,232.13,0.0,2026-07-15T09:02:56.636875,Delivered,Paid,FC_NORTH,2026-07-16,ERP_BATCH
ORD100127,CUST00112,PROD0032,4,188.24,0.15,2026-07-16T03:32:42.690829,Cancelled,Failed,FC_NORTH,2026-07-16,ERP_BATCH
ORD100128,CUST00172,PROD0002,4,141.14,0.0,2026-07-15T21:27:44.837939,Refunded,Refunded,FC_WEST,2026-07-16,ERP_BATCH
ORD100129,CUST00120,PROD0047,2,200.84,0.0,2026-07-16T05:29:50.361826,Refunded,Refunded,FC_NORTH,2026-07-16,ERP_BATCH
ORD100130,CUST00101,PROD0040,5,343.88,0.05,2026-07-15T16:14:50.605006,Refunded,Refunded,FC_SOUTH,2026-07-16,ERP_BATCH
ORD100131,CUST00022,PROD0037,4,126.18,0.2,2026-07-15T11:37:14.654313,Refunded,Refunded,FC_EAST,2026-07-16,ERP_BATCH
ORD100132,CUST00047,PROD0009,1,103.42,0.0,2026-07-15T04:18:08.873690,Delivered,Paid,FC_NORTH,2026-07-16,ERP_BATCH
ORD100133,CUST00055,PROD0017,4,55.59,0.15,2026-07-15T21:48:45.359479,Delivered,Paid,FC_EAST,2026-07-16,ERP_BATCH
ORD100134,CUST00098,PROD0021,3,66.79,0.0,2026-07-15T23:18:22.172054,Delivered,Paid,FC_NORTH,2026-07-16,ERP_BATCH
ORD100135,CUST00108,PROD0049,3,74.12,0.0,2026-07-15T01:16:27.122436,Delivered,Paid,FC_WEST,2026-07-16,ERP_BATCH
ORD100137,CUST00090,PROD0004,2,339.97,0.15,2026-07-14T23:31:32.655130,Delivered,Paid,FC_EAST,2026-07-16,ERP_BATCH
ORD100141,CUST00030,PROD0009,5,103.42,0.05,2026-07-15T18:25:17.711370,Refunded,Refunded,FC_SOUTH,2026-07-16,ERP_BATCH
ORD100142,CUST00066,PROD0014,3,350.58,0.15,2026-07-15T18:43:39.750868,Refunded,Refunded,FC_EAST,2026-07-16,ERP_BATCH
ORD100143,CUST00192,PROD0011,1,114.12,0.15,2026-07-15T13:40:15.171301,Delivered,Paid,FC_WEST,2026-07-16,ERP_BATCH
ORD100144,CUST00080,PROD0050,1,282.88,0.2,2026-07-15T06:00:34.259119,Shipped,Paid,FC_SOUTH,2026-07-16,ERP_BATCH
ORD100146,CUST00097,PROD0044,4,457.0,0.1,2026-07-15T02:49:27.443126,Delivered,Paid,FC_WEST,2026-07-16,ERP_BATCH
ORD100147,CUST00152,PROD0046,2,110.25,0.15,2026-07-16T04:18:08.602496,Cancelled,Failed,FC_EAST,2026-07-16,ERP_BATCH
ORD100148,CUST00078,PROD0007,5,113.23,0.1,2026-07-15T10:23:35.519244,Shipped,Paid,FC_NORTH,2026-07-16,ERP_BATCH
ORD100150,CUST00170,PROD0023,3,415.56,0.1,2026-07-15T16:17:48.747383,Cancelled,Failed,FC_SOUTH,2026-07-16,ERP_BATCH
ORD100151,CUST00088,PROD0005,1,48.03,0.0,2026-07-15T17:15:30.370429,Cancelled,Failed,FC_WEST,2026-07-16,ERP_BATCH
ORD100152,CUST00126,PROD0055,1,379.11,0.15,2026-07-15T20:20:32.351221,Delivered,Paid,FC_SOUTH,2026-07-16,ERP_BATCH
ORD100153,CUST00163,PROD0028,4,492.68,0.1,2026-07-15T00:55:48.557700,Shipped,Paid,FC_WEST,2026-07-16,ERP_BATCH
ORD100155,CUST00138,PROD0042,4,403.5,0.2,2026-07-16T01:43:35.293978,Refunded,Refunded,FC_NORTH,2026-07-16,ERP_BATCH
ORD100156,CUST00188,PROD0030,5,142.6,0.0,2026-07-15T19:47:07.095411,Refunded,Refunded,FC_WEST,2026-07-16,ERP_BATCH
ORD100157,CUST00063,PROD0018,1,52.87,0.1,2026-07-15T23:51:06.098583,Delivered,Paid,FC_NORTH,2026-07-16,ERP_BATCH
ORD100158,CUST00063,PROD0018,4,52.87,0.05,2026-07-15T03:46:18.728666,Delivered,Paid,FC_EAST,2026-07-16,ERP_BATCH
ORD100159,CUST00098,PROD0037,3,126.18,0.0,2026-07-15T13:30:41.473432,Refunded,Refunded,FC_WEST,2026-07-16,ERP_BATCH
ORD100160,CUST00084,PROD0002,2,141.14,0.2,2026-07-15T17:40:36.570360,Delivered,Paid,FC_NORTH,2026-07-16,ERP_BATCH
ORD100161,CUST00067,PROD0032,3,188.24,0.0,2026-07-16T03:48:26.373450,Cancelled,Failed,FC_NORTH,2026-07-16,ERP_BATCH
ORD100162,CUST00180,PROD0018,3,52.87,0.05,2026-07-15T03:49:08.188703,Delivered,Paid,FC_EAST,2026-07-16,ERP_BATCH
ORD100164,CUST00126,PROD0016,5,478.82,0.0,2026-07-15T09:34:18.293298,Shipped,Paid,FC_WEST,2026-07-16,ERP_BATCH
ORD100165,CUST00122,PROD0049,4,74.12,0.0,2026-07-16T02:47:41.277382,Cancelled,Failed,FC_WEST,2026-07-16,ERP_BATCH
ORD100166,CUST00024,PROD0029,3,433.91,0.2,2026-07-15T06:57:22.099010,Delivered,Paid,FC_SOUTH,2026-07-16,ERP_BATCH
ORD100167,CUST00063,PROD0015,3,142.55,0.15,2026-07-15T20:54:15.941017,Refunded,Refunded,FC_WEST,2026-07-16,ERP_BATCH
ORD100168,CUST00122,PROD0043,5,137.53,0.05,2026-07-15T14:32:40.499039,Refunded,Refunded,FC_WEST,2026-07-16,ERP_BATCH
ORD100169,CUST00191,PROD0034,5,468.64,0.05,2026-07-15T23:04:53.537268,Delivered,Paid,FC_NORTH,2026-07-16,ERP_BATCH
ORD100170,CUST00117,PROD0022,3,44.01,0.15,2026-07-15T22:47:32.750298,Delivered,Paid,FC_SOUTH,2026-07-16,ERP_BATCH
ORD100171,CUST00031,PROD0020,2,366.22,0.2,2026-07-16T02:23:49.331775,Cancelled,Failed,FC_EAST,2026-07-16,ERP_BATCH
ORD100173,CUST00124,PROD0013,3,380.61,0.1,2026-07-16T03:39:15.192029,Delivered,Paid,FC_SOUTH,2026-07-16,ERP_BATCH
ORD100174,CUST00195,PROD0047,5,200.84,0.0,2026-07-15T14:15:22.531161,Cancelled,Failed,FC_NORTH,2026-07-16,ERP_BATCH
ORD100175,CUST00026,PROD0039,2,345.64,0.0,2026-07-16T01:15:45.990476,Delivered,Paid,FC_WEST,2026-07-16,ERP_BATCH
ORD100176,CUST00046,PROD0019,3,303.84,0.15,2026-07-16T03:15:20.818839,Delivered,Paid,FC_WEST,2026-07-16,ERP_BATCH
ORD100177,CUST00033,PROD0001,3,60.11,0.05,2026-07-15T10:00:16.433794,Shipped,Paid,FC_SOUTH,2026-07-16,ERP_BATCH
ORD100178,CUST00142,PROD0003,3,74.07,0.05,2026-07-15T00:26:42.865991,Shipped,Paid,FC_EAST,2026-07-16,ERP_BATCH
ORD100179,CUST00164,PROD0045,4,438.8,0.0,2026-07-15T01:31:46.601071,Delivered,Paid,FC_SOUTH,2026-07-16,ERP_BATCH
ORD100180,CUST00147,PROD0007,3,113.23,0.2,2026-07-15T04:05:30.444336,Shipped,Paid,FC_NORTH,2026-07-16,ERP_BATCH
ORD100181,CUST00088,PROD0031,2,417.88,0.2,2026-07-15T18:14:11.718567,Delivered,Paid,FC_WEST,2026-07-16,ERP_BATCH
ORD100182,CUST00123,PROD0004,1,339.97,0.2,2026-07-16T02:21:30.435700,Cancelled,Failed,FC_NORTH,2026-07-16,ERP_BATCH
ORD100184,CUST00014,PROD0037,2,126.18,0.0,2026-07-15T12:49:31.179721,Refunded,Refunded,FC_NORTH,2026-07-16,ERP_BATCH
ORD100185,CUST00078,PROD0010,1,352.16,0.1,2026-07-15T06:18:08.740949,Shipped,Paid,FC_NORTH,2026-07-16,ERP_BATCH
ORD100187,CUST00159,PROD0039,2,345.64,0.05,2026-07-15T14:01:17.309386,Cancelled,Failed,FC_WEST,2026-07-16,ERP_BATCH
ORD100188,CUST00116,PROD0050,4,282.88,0.1,2026-07-15T16:39:43.468447,Cancelled,Failed,FC_SOUTH,2026-07-16,ERP_BATCH
ORD100189,CUST00110,PROD0020,3,366.22,0.0,2026-07-15T04:32:32.802996,Shipped,Paid,FC_EAST,2026-07-16,ERP_BATCH
ORD100190,CUST00157,PROD0037,1,126.18,0.2,2026-07-15T13:07:39.171912,Delivered,Paid,FC_EAST,2026-07-16,ERP_BATCH
ORD100191,CUST00055,PROD0049,3,74.12,0.1,2026-07-16T03:57:46.233938,Cancelled,Failed,FC_EAST,2026-07-16,ERP_BATCH
ORD100194,CUST00121,PROD0029,3,433.91,0.05,2026-07-15T10:40:26.417298,Delivered,Paid,FC_EAST,2026-07-16,ERP_BATCH
ORD100195,CUST00181,PROD0003,3,74.07,0.0,2026-07-16T03:06:44.754333,Delivered,Paid,FC_SOUTH,2026-07-16,ERP_BATCH
ORD100196,CUST00019,PROD0045,2,438.8,0.15,2026-07-15T04:33:45.168929,Delivered,Paid,FC_WEST,2026-07-16,ERP_BATCH
ORD100197,CUST00161,PROD0060,5,266.91,0.05,2026-07-16T01:55:29.703067,Refunded,Refunded,FC_NORTH,2026-07-16,ERP_BATCH
ORD100198,CUST00051,PROD0043,4,137.53,0.15,2026-07-15T06:33:43.972767,Delivered,Paid,FC_WEST,2026-07-16,ERP_BATCH
ORD100199,CUST00166,PROD0008,2,303.0,0.0,2026-07-15T15:52:21.501062,Refunded,Refunded,FC_WEST,2026-07-16,ERP_BATCH
ORD100200,CUST00037,PROD0059,1,193.9,0.0,2026-07-16T01:53:10.402252,Refunded,Refunded,FC_EAST,2026-07-16,ERP_BATCH
ORD100201,CUST00079,PROD0004,5,339.97,0.0,2026-07-16T05:27:56.881608,Cancelled,Failed,FC_WEST,2026-07-16,ERP_BATCH
ORD100202,CUST00074,PROD0048,4,232.13,0.2,2026-07-15T05:49:55.926344,Delivered,Paid,FC_SOUTH,2026-07-16,ERP_BATCH
ORD100203,CUST00078,PROD0008,4,303.0,0.2,2026-07-15T18:35:46.217209,Refunded,Refunded,FC_SOUTH,2026-07-16,ERP_BATCH
ORD100204,CUST00127,PROD0018,4,52.87,0.0,2026-07-15T17:27:19.718716,Refunded,Refunded,FC_WEST,2026-07-16,ERP_BATCH
ORD100205,CUST00111,PROD0006,3,20.73,0.1,2026-07-15T13:57:10.484685,Refunded,Refunded,FC_SOUTH,2026-07-16,ERP_BATCH
ORD100206,CUST00024,PROD0039,2,345.64,0.0,2026-07-16T02:26:03.195179,Cancelled,Failed,FC_EAST,2026-07-16,ERP_BATCH
ORD100207,CUST00148,PROD0044,5,457.0,0.0,2026-07-15T05:24:41.451626,Delivered,Paid,FC_NORTH,2026-07-16,ERP_BATCH
ORD100208,CUST00173,PROD0002,3,141.14,0.2,2026-07-14T23:32:16.003730,Shipped,Paid,FC_EAST,2026-07-16,ERP_BATCH
ORD100210,CUST00114,PROD0031,3,417.88,0.0,2026-07-15T16:47:29.856078,Refunded,Refunded,FC_EAST,2026-07-16,ERP_BATCH
ORD100211,CUST00112,PROD0012,4,142.7,0.15,2026-07-14T23:37:55.509707,Shipped,Paid,FC_NORTH,2026-07-16,ERP_BATCH
ORD100212,CUST00105,PROD0006,3,20.73,0.0,2026-07-15T18:32:56.599442,Refunded,Refunded,FC_SOUTH,2026-07-16,ERP_BATCH
ORD100213,CUST00042,PROD0021,3,66.79,0.0,2026-07-15T11:21:52.688116,Delivered,Paid,FC_EAST,2026-07-16,ERP_BATCH
ORD100214,CUST00074,PROD0027,4,117.81,0.0,2026-07-15T10:31:10.357261,Shipped,Paid,FC_SOUTH,2026-07-16,ERP_BATCH
ORD100215,CUST00010,PROD0053,4,184.19,0.15,2026-07-15T08:07:13.752346,Delivered,Paid,FC_NORTH,2026-07-16,ERP_BATCH
ORD100216,CUST00083,PROD0006,1,20.73,0.2,2026-07-16T00:07:52.545494,Cancelled,Failed,FC_WEST,2026-07-16,ERP_BATCH
ORD100217,CUST00132,PROD0050,1,282.88,0.15,2026-07-15T20:54:45.158520,Refunded,Refunded,FC_SOUTH,2026-07-16,ERP_BATCH
ORD100218,CUST00119,PROD0043,4,137.53,0.0,2026-07-15T04:12:43.689213,Delivered,Paid,FC_EAST,2026-07-16,ERP_BATCH
ORD100219,CUST00093,PROD0004,5,339.97,0.05,2026-07-16T04:41:17.575237,Delivered,Paid,FC_WEST,2026-07-16,ERP_BATCH
ORD100220,CUST00114,PROD0049,1,74.12,0.15,2026-07-15T17:31:35.494335,Refunded,Refunded,FC_EAST,2026-07-16,ERP_BATCH
ORD100221,CUST00034,PROD0014,3,350.58,0.0,2026-07-16T01:50:06.394653,Delivered,Paid,FC_EAST,2026-07-16,ERP_BATCH
ORD100222,CUST00125,PROD0029,1,433.91,0.05,2026-07-15T03:48:00.126060,Shipped,Paid,FC_WEST,2026-07-16,ERP_BATCH
ORD100223,CUST00156,PROD0002,2,141.14,0.2,2026-07-15T00:29:11.248410,Delivered,Paid,FC_WEST,2026-07-16,ERP_BATCH
ORD100225,CUST00058,PROD0036,1,89.71,0.0,2026-07-15T20:46:32.026462,Cancelled,Failed,FC_WEST,2026-07-16,ERP_BATCH
ORD100226,CUST00166,PROD0030,2,142.6,0.1,2026-07-15T01:25:22.612544,Delivered,Paid,FC_SOUTH,2026-07-16,ERP_BATCH
ORD100227,CUST00075,PROD0032,5,188.24,0.0,2026-07-15T01:56:24.661421,Delivered,Paid,FC_NORTH,2026-07-16,ERP_BATCH
ORD100228,CUST00124,PROD0046,4,110.25,0.1,2026-07-16T01:36:23.309236,Refunded,Refunded,FC_WEST,2026-07-16,ERP_BATCH
ORD100229,CUST00038,PROD0016,4,478.82,0.0,2026-07-15T19:01:25.659151,Refunded,Refunded,FC_SOUTH,2026-07-16,ERP_BATCH
ORD100230,CUST00131,PROD0013,2,380.61,0.0,2026-07-15T02:19:38.503190,Delivered,Paid,FC_WEST,2026-07-16,ERP_BATCH
ORD100232,CUST00130,PROD0022,3,44.01,0.05,2026-07-15T01:52:58.480487,Delivered,Paid,FC_EAST,2026-07-16,ERP_BATCH
ORD100234,CUST00169,PROD0054,4,257.22,0.15,2026-07-15T14:21:04.911642,Refunded,Refunded,FC_WEST,2026-07-16,ERP_BATCH
ORD100236,CUST00196,PROD0023,5,415.56,0.0,2026-07-15T23:29:16.203011,Delivered,Paid,FC_SOUTH,2026-07-16,ERP_BATCH
ORD100237,CUST00083,PROD0025,2,290.79,0.1,2026-07-15T19:04:32.004603,Cancelled,Failed,FC_WEST,2026-07-16,ERP_BATCH
ORD100238,CUST00099,PROD0045,2,438.8,0.1,2026-07-16T02:50:57.514359,Delivered,Paid,FC_NORTH,2026-07-16,ERP_BATCH
ORD100239,CUST00012,PROD0055,3,379.11,0.0,2026-07-15T07:34:49.374925,Delivered,Paid,FC_NORTH,2026-07-16,ERP_BATCH
ORD100240,CUST00098,PROD0048,4,232.13,0.0,2026-07-15T18:26:33.292306,Refunded,Refunded,FC_NORTH,2026-07-16,ERP_BATCH
ORD100241,CUST00167,PROD0043,2,137.53,0.0,2026-07-15T06:58:31.786178,Shipped,Paid,FC_SOUTH,2026-07-16,ERP_BATCH
ORD100242,CUST00033,PROD0032,5,188.24,0.15,2026-07-15T00:47:06.832472,Shipped,Paid,FC_SOUTH,2026-07-16,ERP_BATCH
ORD100243,CUST00026,PROD0038,4,192.83,0.0,2026-07-15T23:30:13.747351,Refunded,Refunded,FC_WEST,2026-07-16,ERP_BATCH
ORD100244,CUST00117,PROD0007,1,113.23,0.0,2026-07-15T16:32:26.824428,Delivered,Paid,FC_WEST,2026-07-16,ERP_BATCH
ORD100246,CUST00068,PROD0005,3,48.03,0.0,2026-07-15T18:34:03.777616,Cancelled,Failed,FC_WEST,2026-07-16,ERP_BATCH
ORD100247,CUST00167,PROD0040,1,343.88,0.0,2026-07-15T10:33:15.600566,Delivered,Paid,FC_EAST,2026-07-16,ERP_BATCH
ORD100248,CUST00173,PROD0055,5,379.11,0.0,2026-07-15T23:37:36.926167,Delivered,Paid,FC_NORTH,2026-07-16,ERP_BATCH
ORD100249,CUST00161,PROD0025,4,290.79,0.2,2026-07-15T01:10:07.741936,Shipped,Paid,FC_WEST,2026-07-16,ERP_BATCH
ORD100250,CUST00159,PROD0056,1,80.66,0.0,2026-07-15T15:59:59.833406,Delivered,Paid,FC_NORTH,2026-07-16,ERP_BATCH
ORD100251,CUST00074,PROD0016,2,478.82,0.0,2026-07-15T12:45:49.493069,Cancelled,Failed,FC_SOUTH,2026-07-16,ERP_BATCH
ORD100253,CUST00077,PROD0029,1,433.91,0.2,2026-07-16T05:26:59.757850,Refunded,Refunded,FC_EAST,2026-07-16,ERP_BATCH
ORD100254,CUST00015,PROD0003,3,74.07,0.2,2026-07-15T23:46:38.560952,Cancelled,Failed,FC_WEST,2026-07-16,ERP_BATCH
ORD100255,CUST00038,PROD0023,2,415.56,0.0,2026-07-15T21:57:56.280444,Refunded,Refunded,FC_WEST,2026-07-16,ERP_BATCH
ORD100256,CUST00175,PROD0034,2,468.64,0.1,2026-07-15T20:37:47.174849,Delivered,Paid,FC_SOUTH,2026-07-16,ERP_BATCH
ORD100257,CUST00157,PROD0011,4,114.12,0.0,2026-07-16T05:08:14.779439,Delivered,Paid,FC_EAST,2026-07-16,ERP_BATCH
ORD100258,CUST00128,PROD0040,5,343.88,0.2,2026-07-15T10:53:52.429773,Delivered,Paid,FC_NORTH,2026-07-16,ERP_BATCH
ORD100259,CUST00164,PROD0010,3,352.16,0.2,2026-07-16T03:05:12.708346,Cancelled,Failed,FC_NORTH,2026-07-16,ERP_BATCH
ORD100260,CUST00003,PROD0030,4,142.6,0.05,2026-07-16T02:15:22.319125,Refunded,Refunded,FC_WEST,2026-07-16,ERP_BATCH
ORD100261,CUST00140,PROD0058,2,300.22,0.1,2026-07-16T01:05:47.226406,Cancelled,Failed,FC_WEST,2026-07-16,ERP_BATCH
ORD100262,CUST00089,PROD0005,5,48.03,0.15,2026-07-15T19:33:51.585654,Delivered,Paid,FC_NORTH,2026-07-16,ERP_BATCH
ORD100263,CUST00109,PROD0020,3,366.22,0.0,2026-07-15T12:29:04.304994,Refunded,Refunded,FC_NORTH,2026-07-16,ERP_BATCH
ORD100264,CUST00051,PROD0030,4,142.6,0.2,2026-07-15T05:04:33.663602,Delivered,Paid,FC_WEST,2026-07-16,ERP_BATCH
ORD100265,CUST00061,PROD0055,4,379.11,0.2,2026-07-15T18:04:30.933076,Delivered,Paid,FC_EAST,2026-07-16,ERP_BATCH
ORD100266,CUST00076,PROD0037,3,126.18,0.2,2026-07-15T22:32:08.861362,Delivered,Paid,FC_NORTH,2026-07-16,ERP_BATCH
ORD100267,CUST00169,PROD0002,4,141.14,0.0,2026-07-15T00:18:51.197700,Shipped,Paid,FC_SOUTH,2026-07-16,ERP_BATCH
ORD100269,CUST00128,PROD0059,3,193.9,0.0,2026-07-15T13:39:08.767722,Cancelled,Failed,FC_NORTH,2026-07-16,ERP_BATCH
ORD100270,CUST00156,PROD0050,3,282.88,0.15,2026-07-15T06:44:36.061042,Delivered,Paid,FC_EAST,2026-07-16,ERP_BATCH
ORD100271,CUST00159,PROD0015,3,142.55,0.1,2026-07-15T12:34:04.248334,Cancelled,Failed,FC_NORTH,2026-07-16,ERP_BATCH
ORD100272,CUST00197,PROD0044,2,457.0,0.2,2026-07-15T08:17:49.929567,Shipped,Paid,FC_EAST,2026-07-16,ERP_BATCH
ORD100274,CUST00009,PROD0020,5,366.22,0.2,2026-07-15T07:06:40.723934,Shipped,Paid,FC_WEST,2026-07-16,ERP_BATCH
ORD100275,CUST00024,PROD0024,3,443.3,0.0,2026-07-15T09:07:50.566479,Delivered,Paid,FC_SOUTH,2026-07-16,ERP_BATCH
ORD100276,CUST00045,PROD0021,2,66.79,0.0,2026-07-15T08:35:16.315902,Delivered,Paid,FC_WEST,2026-07-16,ERP_BATCH
ORD100277,CUST00094,PROD0009,5,103.42,0.1,2026-07-15T07:11:11.827189,Delivered,Paid,FC_EAST,2026-07-16,ERP_BATCH
ORD100278,CUST00043,PROD0033,3,336.74,0.2,2026-07-15T02:37:41.686305,Delivered,Paid,FC_SOUTH,2026-07-16,ERP_BATCH
ORD100279,CUST00124,PROD0059,3,193.9,0.15,2026-07-15T05:48:57.831514,Delivered,Paid,FC_NORTH,2026-07-16,ERP_BATCH
ORD100280,CUST00030,PROD0048,4,232.13,0.15,2026-07-15T04:10:30.639864,Shipped,Paid,FC_EAST,2026-07-16,ERP_BATCH
ORD100282,CUST00094,PROD0055,1,379.11,0.0,2026-07-15T06:32:15.835774,Delivered,Paid,FC_NORTH,2026-07-16,ERP_BATCH
ORD100283,CUST00068,PROD0051,5,374.77,0.1,2026-07-15T21:15:25.926710,Refunded,Refunded,FC_WEST,2026-07-16,ERP_BATCH
ORD100284,CUST00173,PROD0008,3,303.0,0.0,2026-07-15T19:05:44.196663,Refunded,Refunded,FC_EAST,2026-07-16,ERP_BATCH
ORD100285,CUST00164,PROD0038,3,192.83,0.05,2026-07-15T21:44:37.007361,Refunded,Refunded,FC_SOUTH,2026-07-16,ERP_BATCH
ORD100286,CUST00121,PROD0007,1,113.23,0.1,2026-07-15T11:11:44.866470,Delivered,Paid,FC_WEST,2026-07-16,ERP_BATCH
ORD100287,CUST00144,PROD0040,3,343.88,0.0,2026-07-15T03:40:42.231491,Shipped,Paid,FC_WEST,2026-07-16,ERP_BATCH
ORD100288,CUST00166,PROD0059,1,193.9,0.2,2026-07-15T13:31:13.719894,Cancelled,Failed,FC_EAST,2026-07-16,ERP_BATCH
ORD100289,CUST00180,PROD0041,3,118.38,0.15,2026-07-15T05:50:45.677273,Shipped,Paid,FC_NORTH,2026-07-16,ERP_BATCH
ORD100290,CUST00036,PROD0042,1,403.5,0.0,2026-07-15T20:45:52.586484,Refunded,Refunded,FC_SOUTH,2026-07-16,ERP_BATCH
ORD100291,CUST00127,PROD0003,1,74.07,0.15,2026-07-16T00:29:44.664005,Delivered,Paid,FC_SOUTH,2026-07-16,ERP_BATCH
ORD100292,CUST00138,PROD0007,2,113.23,0.05,2026-07-16T02:59:35.186696,Refunded,Refunded,FC_EAST,2026-07-16,ERP_BATCH
ORD100293,CUST00172,PROD0025,5,290.79,0.0,2026-07-15T19:08:11.823747,Cancelled,Failed,FC_NORTH,2026-07-16,ERP_BATCH
ORD100294,CUST00187,PROD0027,2,117.81,0.0,2026-07-15T14:20:12.876628,Refunded,Refunded,FC_WEST,2026-07-16,ERP_BATCH
ORD100295,CUST00026,PROD0057,4,397.08,0.2,2026-07-15T20:31:41.066561,Cancelled,Failed,FC_EAST,2026-07-16,ERP_BATCH
ORD100296,CUST00072,PROD0040,1,343.88,0.0,2026-07-15T20:46:15.845819,Cancelled,Failed,FC_NORTH,2026-07-16,ERP_BATCH
ORD100297,CUST00114,PROD0045,4,438.8,0.05,2026-07-15T22:07:13.451020,Delivered,Paid,FC_WEST,2026-07-16,ERP_BATCH
ORD100298,CUST00026,PROD0016,3,478.82,0.1,2026-07-15T04:42:42.359904,Shipped,Paid,FC_WEST,2026-07-16,ERP_BATCH
ORD100299,CUST00166,PROD0035,3,40.34,0.0,2026-07-15T03:03:05.524393,Delivered,Paid,FC_NORTH,2026-07-16,ERP_BATCH
ORD100300,CUST00049,PROD0004,1,339.97,0.1,2026-07-15T21:07:45.175459,Delivered,Paid,FC_NORTH,2026-07-16,ERP_BATCH
ORD100301,CUST00024,PROD0055,2,379.11,0.1,2026-07-15T05:50:02.287458,Delivered,Paid,FC_EAST,2026-07-16,ERP_BATCH
ORD100302,CUST00006,PROD0042,1,403.5,0.0,2026-07-15T12:27:52.678096,Refunded,Refunded,FC_EAST,2026-07-16,ERP_BATCH
ORD100303,CUST00033,PROD0051,5,374.77,0.05,2026-07-15T23:26:58.019510,Delivered,Paid,FC_NORTH,2026-07-16,ERP_BATCH
ORD100305,CUST00060,PROD0014,3,350.58,0.1,2026-07-15T14:22:16.593165,Delivered,Paid,FC_SOUTH,2026-07-16,ERP_BATCH
ORD100307,CUST00038,PROD0018,2,52.87,0.0,2026-07-15T04:36:20.335114,Delivered,Paid,FC_EAST,2026-07-16,ERP_BATCH
ORD100308,CUST00045,PROD0035,1,40.34,0.0,2026-07-16T02:25:26.194502,Cancelled,Failed,FC_WEST,2026-07-16,ERP_BATCH
ORD100309,CUST00034,PROD0043,1,137.53,0.0,2026-07-15T04:19:01.017776,Delivered,Paid,FC_SOUTH,2026-07-16,ERP_BATCH
ORD100310,CUST00061,PROD0023,5,415.56,0.0,2026-07-15T07:03:43.124881,Delivered,Paid,FC_WEST,2026-07-16,ERP_BATCH
ORD100312,CUST00135,PROD0009,1,103.42,0.0,2026-07-15T08:47:41.101206,Shipped,Paid,FC_EAST,2026-07-16,ERP_BATCH
ORD100314,CUST00116,PROD0033,5,336.74,0.1,2026-07-15T14:06:35.346738,Refunded,Refunded,FC_SOUTH,2026-07-16,ERP_BATCH
ORD100315,CUST00012,PROD0015,5,142.55,0.0,2026-07-15T01:28:55.225190,Delivered,Paid,FC_SOUTH,2026-07-16,ERP_BATCH
ORD100316,CUST00008,PROD0020,1,366.22,0.0,2026-07-15T18:58:43.327331,Refunded,Refunded,FC_WEST,2026-07-16,ERP_BATCH
ORD100317,CUST00110,PROD0031,1,417.88,0.2,2026-07-15T05:00:15.879168,Delivered,Paid,FC_WEST,2026-07-16,ERP_BATCH
ORD100318,CUST00114,PROD0032,1,188.24,0.05,2026-07-15T09:50:49.996950,Delivered,Paid,FC_EAST,2026-07-16,ERP_BATCH
ORD100321,CUST00098,PROD0036,5,89.71,0.1,2026-07-15T09:51:22.115477,Delivered,Paid,FC_SOUTH,2026-07-16,ERP_BATCH
ORD100322,CUST00130,PROD0034,5,468.64,0.0,2026-07-16T00:50:08.158200,Refunded,Refunded,FC_SOUTH,2026-07-16,ERP_BATCH
ORD100324,CUST00197,PROD0055,5,379.11,0.15,2026-07-15T11:55:05.640257,Delivered,Paid,FC_WEST,2026-07-16,ERP_BATCH
ORD100325,CUST00111,PROD0047,4,200.84,0.2,2026-07-15T04:21:04.516006,Delivered,Paid,FC_SOUTH,2026-07-16,ERP_BATCH
ORD100326,CUST00087,PROD0057,4,397.08,0.05,2026-07-16T03:13:10.233336,Refunded,Refunded,FC_EAST,2026-07-16,ERP_BATCH
ORD100327,CUST00025,PROD0026,3,39.43,0.0,2026-07-15T20:29:18.240487,Delivered,Paid,FC_NORTH,2026-07-16,ERP_BATCH
ORD100328,CUST00066,PROD0028,3,492.68,0.0,2026-07-16T00:12:10.196553,Delivered,Paid,FC_SOUTH,2026-07-16,ERP_BATCH
ORD100329,CUST00122,PROD0010,1,352.16,0.2,2026-07-15T10:45:55.992263,Delivered,Paid,FC_NORTH,2026-07-16,ERP_BATCH
ORD100330,CUST00024,PROD0006,4,20.73,0.05,2026-07-15T05:33:42.544021,Delivered,Paid,FC_SOUTH,2026-07-16,ERP_BATCH
ORD100331,CUST00096,PROD0007,2,113.23,0.2,2026-07-15T08:41:30.064509,Delivered,Paid,FC_EAST,2026-07-16,ERP_BATCH
ORD100333,CUST00106,PROD0022,3,44.01,0.15,2026-07-15T11:22:08.228553,Shipped,Paid,FC_WEST,2026-07-16,ERP_BATCH
ORD100334,CUST00193,PROD0056,4,80.66,0.15,2026-07-15T11:32:12.134082,Cancelled,Failed,FC_EAST,2026-07-16,ERP_BATCH
ORD100335,CUST00014,PROD0056,3,80.66,0.0,2026-07-15T02:32:37.106851,Delivered,Paid,FC_SOUTH,2026-07-16,ERP_BATCH
ORD100336,CUST00027,PROD0039,5,345.64,0.05,2026-07-16T00:12:19.847169,Cancelled,Failed,FC_WEST,2026-07-16,ERP_BATCH
ORD100337,CUST00169,PROD0033,4,336.74,0.05,2026-07-16T03:47:06.379642,Delivered,Paid,FC_WEST,2026-07-16,ERP_BATCH
ORD100338,CUST00090,PROD0015,5,142.55,0.05,2026-07-15T05:00:18.941514,Delivered,Paid,FC_WEST,2026-07-16,ERP_BATCH
ORD100340,CUST00144,PROD0015,5,142.55,0.15,2026-07-15T06:26:35.452879,Shipped,Paid,FC_NORTH,2026-07-16,ERP_BATCH
ORD100341,CUST00143,PROD0040,1,343.88,0.2,2026-07-15T11:11:26.752719,Delivered,Paid,FC_SOUTH,2026-07-16,ERP_BATCH
ORD100342,CUST00178,PROD0039,3,345.64,0.15,2026-07-15T02:04:05.889119,Shipped,Paid,FC_EAST,2026-07-16,ERP_BATCH
ORD100343,CUST00180,PROD0002,3,141.14,0.15,2026-07-16T04:56:43.769747,Delivered,Paid,FC_NORTH,2026-07-16,ERP_BATCH
ORD100344,CUST00002,PROD0059,2,193.9,0.15,2026-07-15T23:13:21.804245,Refunded,Refunded,FC_WEST,2026-07-16,ERP_BATCH
ORD100347,CUST00056,PROD0006,4,20.73,0.0,2026-07-15T08:38:13.258765,Shipped,Paid,FC_EAST,2026-07-16,ERP_BATCH
ORD100348,CUST00041,PROD0027,3,117.81,0.1,2026-07-15T19:08:11.560900,Refunded,Refunded,FC_SOUTH,2026-07-16,ERP_BATCH
ORD100349,CUST00199,PROD0020,5,366.22,0.0,2026-07-15T09:31:01.680016,Delivered,Paid,FC_WEST,2026-07-16,ERP_BATCH
ORD100351,CUST00013,PROD0011,1,114.12,0.0,2026-07-15T08:20:17.449869,Delivered,Paid,FC_NORTH,2026-07-16,ERP_BATCH
ORD100352,CUST00109,PROD0018,4,52.87,0.0,2026-07-15T19:30:52.822085,Refunded,Refunded,FC_EAST,2026-07-16,ERP_BATCH
ORD100353,CUST00070,PROD0039,2,345.64,0.0,2026-07-15T19:33:10.952198,Delivered,Paid,FC_NORTH,2026-07-16,ERP_BATCH
ORD100354,CUST00089,PROD0049,4,74.12,0.0,2026-07-15T17:01:45.106325,Refunded,Refunded,FC_EAST,2026-07-16,ERP_BATCH
ORD100355,CUST00174,PROD0008,5,303.0,0.0,2026-07-16T01:15:13.969094,Cancelled,Failed,FC_WEST,2026-07-16,ERP_BATCH
ORD100356,CUST00079,PROD0032,1,188.24,0.1,2026-07-15T16:30:19.778879,Refunded,Refunded,FC_WEST,2026-07-16,ERP_BATCH
ORD100357,CUST00154,PROD0015,1,142.55,0.05,2026-07-15T21:13:56.901577,Refunded,Refunded,FC_NORTH,2026-07-16,ERP_BATCH
ORD100358,CUST00055,PROD0001,2,60.11,0.15,2026-07-16T04:05:01.098296,Refunded,Refunded,FC_WEST,2026-07-16,ERP_BATCH
ORD100359,CUST00084,PROD0049,1,74.12,0.0,2026-07-16T02:14:57.402187,Cancelled,Failed,FC_EAST,2026-07-16,ERP_BATCH
ORD100360,CUST00111,PROD0001,2,60.11,0.2,2026-07-15T17:33:58.663017,Cancelled,Failed,FC_NORTH,2026-07-16,ERP_BATCH
ORD100361,CUST00181,PROD0009,2,103.42,0.2,2026-07-15T21:46:22.732603,Delivered,Paid,FC_EAST,2026-07-16,ERP_BATCH
ORD100362,CUST00172,PROD0033,3,336.74,0.0,2026-07-15T15:21:51.309001,Delivered,Paid,FC_SOUTH,2026-07-16,ERP_BATCH
ORD100363,CUST00190,PROD0005,1,48.03,0.0,2026-07-15T21:10:03.264327,Delivered,Paid,FC_SOUTH,2026-07-16,ERP_BATCH
ORD100365,CUST00104,PROD0037,4,126.18,0.1,2026-07-15T20:00:40.041725,Refunded,Refunded,FC_WEST,2026-07-16,ERP_BATCH
ORD100367,CUST00159,PROD0011,4,114.12,0.15,2026-07-15T06:39:17.867664,Shipped,Paid,FC_SOUTH,2026-07-16,ERP_BATCH
ORD100368,CUST00093,PROD0054,1,257.22,0.15,2026-07-15T10:39:55.541178,Delivered,Paid,FC_WEST,2026-07-16,ERP_BATCH
ORD100369,CUST00063,PROD0028,4,492.68,0.0,2026-07-15T05:06:19.584225,Delivered,Paid,FC_SOUTH,2026-07-16,ERP_BATCH
ORD100370,CUST00021,PROD0038,4,192.83,0.1,2026-07-15T21:02:46.608626,Refunded,Refunded,FC_WEST,2026-07-16,ERP_BATCH
ORD100371,CUST00087,PROD0056,2,80.66,0.0,2026-07-16T00:17:00.858515,Cancelled,Failed,FC_SOUTH,2026-07-16,ERP_BATCH
ORD100372,CUST00020,PROD0022,5,44.01,0.0,2026-07-15T07:27:07.549549,Delivered,Paid,FC_NORTH,2026-07-16,ERP_BATCH
ORD100374,CUST00090,PROD0058,2,300.22,0.0,2026-07-15T07:33:21.006529,Shipped,Paid,FC_EAST,2026-07-16,ERP_BATCH
ORD100376,CUST00195,PROD0012,1,142.7,0.0,2026-07-15T13:47:46.698030,Delivered,Paid,FC_WEST,2026-07-16,ERP_BATCH
ORD100377,CUST00161,PROD0012,4,142.7,0.15,2026-07-15T01:16:15.746638,Delivered,Paid,FC_EAST,2026-07-16,ERP_BATCH
ORD100378,CUST00195,PROD0030,5,142.6,0.05,2026-07-15T08:20:16.164432,Delivered,Paid,FC_WEST,2026-07-16,ERP_BATCH
ORD100379,CUST00145,PROD0029,5,433.91,0.0,2026-07-15T10:58:11.052150,Delivered,Paid,FC_EAST,2026-07-16,ERP_BATCH
ORD100380,CUST00161,PROD0021,3,66.79,0.2,2026-07-15T04:23:45.476784,Delivered,Paid,FC_WEST,2026-07-16,ERP_BATCH
ORD100381,CUST00121,PROD0010,4,352.16,0.0,2026-07-15T19:38:05.796503,Delivered,Paid,FC_EAST,2026-07-16,ERP_BATCH
ORD100382,CUST00071,PROD0041,5,118.38,0.1,2026-07-16T00:33:04.229850,Delivered,Paid,FC_NORTH,2026-07-16,ERP_BATCH
ORD100383,CUST00019,PROD0004,3,339.97,0.0,2026-07-15T22:47:15.730036,Cancelled,Failed,FC_EAST,2026-07-16,ERP_BATCH
ORD100384,CUST00015,PROD0030,3,142.6,0.0,2026-07-15T19:11:55.395142,Cancelled,Failed,FC_EAST,2026-07-16,ERP_BATCH
ORD100385,CUST00166,PROD0054,1,257.22,0.0,2026-07-16T01:06:58.907194,Delivered,Paid,FC_EAST,2026-07-16,ERP_BATCH
ORD100386,CUST00099,PROD0040,4,343.88,0.0,2026-07-15T14:05:41.867127,Refunded,Refunded,FC_WEST,2026-07-16,ERP_BATCH
ORD100387,CUST00190,PROD0038,1,192.83,0.1,2026-07-15T15:31:20.895055,Delivered,Paid,FC_SOUTH,2026-07-16,ERP_BATCH
ORD100388,CUST00147,PROD0029,2,433.91,0.05,2026-07-15T02:47:15.126499,Shipped,Paid,FC_WEST,2026-07-16,ERP_BATCH
ORD100389,CUST00129,PROD0021,2,66.79,0.05,2026-07-15T13:42:09.788892,Delivered,Paid,FC_SOUTH,2026-07-16,ERP_BATCH
ORD100390,CUST00088,PROD0004,1,339.97,0.0,2026-07-15T19:14:55.136278,Refunded,Refunded,FC_WEST,2026-07-16,ERP_BATCH
ORD100391,CUST00011,PROD0033,2,336.74,0.0,2026-07-15T12:13:35.277628,Refunded,Refunded,FC_SOUTH,2026-07-16,ERP_BATCH
ORD100392,CUST00113,PROD0046,5,110.25,0.2,2026-07-15T19:42:24.863515,Delivered,Paid,FC_WEST,2026-07-16,ERP_BATCH
ORD100393,CUST00094,PROD0034,3,468.64,0.0,2026-07-15T13:31:49.492174,Cancelled,Failed,FC_EAST,2026-07-16,ERP_BATCH
ORD100394,CUST00105,PROD0059,3,193.9,0.05,2026-07-16T01:15:59.576787,Cancelled,Failed,FC_SOUTH,2026-07-16,ERP_BATCH
ORD100395,CUST00162,PROD0044,3,457.0,0.2,2026-07-15T13:57:29.974033,Delivered,Paid,FC_WEST,2026-07-16,ERP_BATCH
ORD100396,CUST00143,PROD0005,4,48.03,0.1,2026-07-15T23:35:11.509696,Refunded,Refunded,FC_WEST,2026-07-16,ERP_BATCH
ORD100397,CUST00169,PROD0019,5,303.84,0.15,2026-07-16T02:22:32.807638,Refunded,Refunded,FC_WEST,2026-07-16,ERP_BATCH
ORD100400,CUST00101,PROD0042,2,403.5,0.0,2026-07-15T10:20:49.192493,Shipped,Paid,FC_NORTH,2026-07-16,ERP_BATCH
ORD100401,CUST00022,PROD0039,3,345.64,0.0,2026-07-15T09:58:31.034870,Delivered,Paid,FC_NORTH,2026-07-16,ERP_BATCH
ORD100402,CUST00085,PROD0036,2,89.71,0.0,2026-07-15T21:53:58.709372,Cancelled,Failed,FC_EAST,2026-07-16,ERP_BATCH
ORD100403,CUST00190,PROD0043,5,137.53,0.2,2026-07-15T10:11:26.880970,Delivered,Paid,FC_WEST,2026-07-16,ERP_BATCH
ORD100404,CUST00109,PROD0006,5,20.73,0.15,2026-07-15T12:13:48.495055,Delivered,Paid,FC_WEST,2026-07-16,ERP_BATCH
ORD100406,CUST00197,PROD0014,4,350.58,0.1,2026-07-15T23:09:15.254602,Refunded,Refunded,FC_NORTH,2026-07-16,ERP_BATCH
ORD100407,CUST00036,PROD0013,2,380.61,0.2,2026-07-16T03:17:22.319553,Delivered,Paid,FC_EAST,2026-07-16,ERP_BATCH
ORD100408,CUST00026,PROD0005,5,48.03,0.2,2026-07-16T00:48:12.571669,Delivered,Paid,FC_NORTH,2026-07-16,ERP_BATCH
ORD100409,CUST00190,PROD0050,5,282.88,0.05,2026-07-15T16:02:40.770070,Refunded,Refunded,FC_SOUTH,2026-07-16,ERP_BATCH
ORD100410,CUST00197,PROD0003,5,74.07,0.0,2026-07-15T11:39:33.008249,Refunded,Refunded,FC_SOUTH,2026-07-16,ERP_BATCH
ORD100411,CUST00040,PROD0009,2,103.42,0.2,2026-07-15T13:58:52.612843,Refunded,Refunded,FC_NORTH,2026-07-16,ERP_BATCH
ORD100412,CUST00198,PROD0012,5,142.7,0.0,2026-07-15T05:34:37.707760,Shipped,Paid,FC_EAST,2026-07-16,ERP_BATCH
ORD100413,CUST00185,PROD0052,4,449.42,0.05,2026-07-15T03:01:01.483681,Shipped,Paid,FC_NORTH,2026-07-16,ERP_BATCH
ORD100414,CUST00174,PROD0003,2,74.07,0.0,2026-07-15T20:40:21.375937,Delivered,Paid,FC_EAST,2026-07-16,ERP_BATCH
ORD100415,CUST00193,PROD0029,4,433.91,0.1,2026-07-15T13:30:07.390531,Cancelled,Failed,FC_WEST,2026-07-16,ERP_BATCH
ORD100416,CUST00080,PROD0015,4,142.55,0.1,2026-07-15T16:15:05.141900,Cancelled,Failed,FC_SOUTH,2026-07-16,ERP_BATCH
ORD100417,CUST00095,PROD0058,5,300.22,0.2,2026-07-15T05:26:30.688011,Shipped,Paid,FC_SOUTH,2026-07-16,ERP_BATCH
ORD100418,CUST00073,PROD0029,4,433.91,0.1,2026-07-15T18:50:53.222473,Delivered,Paid,FC_EAST,2026-07-16,ERP_BATCH
ORD100419,CUST00042,PROD0033,2,336.74,0.0,2026-07-15T16:29:11.839826,Refunded,Refunded,FC_SOUTH,2026-07-16,ERP_BATCH
ORD100420,CUST00065,PROD0052,1,449.42,0.15,2026-07-15T13:42:54.038922,Refunded,Refunded,FC_EAST,2026-07-16,ERP_BATCH
ORD100421,CUST00096,PROD0042,5,403.5,0.1,2026-07-15T18:10:09.206575,Delivered,Paid,FC_EAST,2026-07-16,ERP_BATCH
ORD100424,CUST00038,PROD0029,4,433.91,0.0,2026-07-15T02:55:18.968439,Delivered,Paid,FC_EAST,2026-07-16,ERP_BATCH
ORD100425,CUST00057,PROD0006,4,20.73,0.0,2026-07-15T01:26:46.292775,Shipped,Paid,FC_SOUTH,2026-07-16,ERP_BATCH
ORD100426,CUST00007,PROD0057,4,397.08,0.0,2026-07-15T22:52:20.367388,Cancelled,Failed,FC_EAST,2026-07-16,ERP_BATCH
ORD100427,CUST00096,PROD0004,2,339.97,0.2,2026-07-15T21:11:23.032390,Refunded,Refunded,FC_WEST,2026-07-16,ERP_BATCH
ORD100428,CUST00096,PROD0025,2,290.79,0.0,2026-07-14T23:43:08.286493,Delivered,Paid,FC_EAST,2026-07-16,ERP_BATCH
ORD100429,CUST00026,PROD0002,3,141.14,0.05,2026-07-15T23:58:53.909584,Refunded,Refunded,FC_WEST,2026-07-16,ERP_BATCH
ORD100431,CUST00179,PROD0059,2,193.9,0.05,2026-07-15T05:38:02.355880,Delivered,Paid,FC_EAST,2026-07-16,ERP_BATCH
ORD100432,CUST00115,PROD0049,5,74.12,0.0,2026-07-15T10:05:37.247593,Delivered,Paid,FC_WEST,2026-07-16,ERP_BATCH
ORD100433,CUST00005,PROD0001,3,60.11,0.0,2026-07-15T02:54:07.720995,Delivered,Paid,FC_NORTH,2026-07-16,ERP_BATCH
ORD100434,CUST00141,PROD0014,5,350.58,0.0,2026-07-15T05:26:50.111936,Delivered,Paid,FC_WEST,2026-07-16,ERP_BATCH
ORD100435,CUST00199,PROD0034,3,468.64,0.15,2026-07-15T20:13:39.297841,Cancelled,Failed,FC_EAST,2026-07-16,ERP_BATCH
ORD100436,CUST00013,PROD0016,2,478.82,0.2,2026-07-16T00:36:39.962499,Cancelled,Failed,FC_WEST,2026-07-16,ERP_BATCH
ORD100437,CUST00160,PROD0027,4,117.81,0.05,2026-07-15T12:29:02.621021,Refunded,Refunded,FC_SOUTH,2026-07-16,ERP_BATCH
ORD100440,CUST00075,PROD0016,4,478.82,0.0,2026-07-15T09:37:36.073963,Delivered,Paid,FC_SOUTH,2026-07-16,ERP_BATCH
ORD100441,CUST00062,PROD0001,5,60.11,0.2,2026-07-15T13:21:02.752409,Refunded,Refunded,FC_WEST,2026-07-16,ERP_BATCH
ORD100442,CUST00172,PROD0027,1,117.81,0.15,2026-07-16T04:41:52.292926,Cancelled,Failed,FC_NORTH,2026-07-16,ERP_BATCH
ORD100443,CUST00018,PROD0034,5,468.64,0.0,2026-07-15T00:25:56.396476,Shipped,Paid,FC_WEST,2026-07-16,ERP_BATCH
ORD100444,CUST00130,PROD0035,5,40.34,0.0,2026-07-15T17:12:33.711381,Refunded,Refunded,FC_SOUTH,2026-07-16,ERP_BATCH
ORD100445,CUST00121,PROD0002,1,141.14,0.05,2026-07-15T21:24:18.502491,Refunded,Refunded,FC_NORTH,2026-07-16,ERP_BATCH
ORD100446,CUST00096,PROD0041,3,118.38,0.0,2026-07-15T21:32:00.200893,Delivered,Paid,FC_SOUTH,2026-07-16,ERP_BATCH
ORD100448,CUST00161,PROD0016,1,478.82,0.2,2026-07-15T09:06:35.445275,Shipped,Paid,FC_EAST,2026-07-16,ERP_BATCH
ORD100449,CUST00194,PROD0050,3,282.88,0.15,2026-07-15T14:31:55.557609,Refunded,Refunded,FC_EAST,2026-07-16,ERP_BATCH
ORD100451,CUST00200,PROD0053,4,184.19,0.15,2026-07-15T12:20:45.837449,Cancelled,Failed,FC_SOUTH,2026-07-16,ERP_BATCH
ORD100452,CUST00047,PROD0045,2,438.8,0.05,2026-07-15T18:14:35.374267,Delivered,Paid,FC_EAST,2026-07-16,ERP_BATCH
ORD100453,CUST00118,PROD0005,1,48.03,0.15,2026-07-15T09:42:59.079643,Delivered,Paid,FC_SOUTH,2026-07-16,ERP_BATCH
ORD100454,CUST00052,PROD0019,1,303.84,0.15,2026-07-16T04:11:07.122973,Delivered,Paid,FC_NORTH,2026-07-16,ERP_BATCH
ORD100455,CUST00132,PROD0021,4,66.79,0.0,2026-07-15T01:54:51.877438,Shipped,Paid,FC_NORTH,2026-07-16,ERP_BATCH
ORD100456,CUST00065,PROD0053,1,184.19,0.05,2026-07-15T15:55:39.455522,Cancelled,Failed,FC_NORTH,2026-07-16,ERP_BATCH
ORD100457,CUST00074,PROD0049,3,74.12,0.1,2026-07-15T12:11:55.322422,Delivered,Paid,FC_SOUTH,2026-07-16,ERP_BATCH
ORD100458,CUST00168,PROD0056,3,80.66,0.15,2026-07-15T07:23:24.778771,Shipped,Paid,FC_WEST,2026-07-16,ERP_BATCH
ORD100460,CUST00113,PROD0057,4,397.08,0.2,2026-07-15T21:03:41.928732,Refunded,Refunded,FC_NORTH,2026-07-16,ERP_BATCH
ORD100461,CUST00128,PROD0022,4,44.01,0.15,2026-07-15T00:27:56.706850,Delivered,Paid,FC_SOUTH,2026-07-16,ERP_BATCH
ORD100462,CUST00133,PROD0024,3,443.3,0.0,2026-07-15T02:14:22.858180,Delivered,Paid,FC_SOUTH,2026-07-16,ERP_BATCH
ORD100464,CUST00047,PROD0028,5,492.68,0.0,2026-07-15T13:47:39.678546,Refunded,Refunded,FC_EAST,2026-07-16,ERP_BATCH
ORD100465,CUST00021,PROD0019,3,303.84,0.0,2026-07-15T23:53:27.377905,Refunded,Refunded,FC_SOUTH,2026-07-16,ERP_BATCH
ORD100466,CUST00115,PROD0043,5,137.53,0.2,2026-07-16T00:48:32.235834,Delivered,Paid,FC_SOUTH,2026-07-16,ERP_BATCH
ORD100467,CUST00177,PROD0046,4,110.25,0.15,2026-07-15T20:07:29.501628,Cancelled,Failed,FC_SOUTH,2026-07-16,ERP_BATCH
ORD100468,CUST00187,PROD0023,3,415.56,0.1,2026-07-15T19:22:13.705671,Delivered,Paid,FC_NORTH,2026-07-16,ERP_BATCH
ORD100469,CUST00071,PROD0040,1,343.88,0.15,2026-07-14T23:35:19.759631,Delivered,Paid,FC_SOUTH,2026-07-16,ERP_BATCH
ORD100470,CUST00104,PROD0005,3,48.03,0.0,2026-07-15T11:19:36.937086,Delivered,Paid,FC_SOUTH,2026-07-16,ERP_BATCH
ORD100471,CUST00174,PROD0033,2,336.74,0.15,2026-07-15T06:39:47.099005,Delivered,Paid,FC_SOUTH,2026-07-16,ERP_BATCH
ORD100474,CUST00146,PROD0024,1,443.3,0.0,2026-07-15T21:40:40.640013,Cancelled,Failed,FC_NORTH,2026-07-16,ERP_BATCH
ORD100476,CUST00020,PROD0024,5,443.3,0.1,2026-07-15T19:29:06.029154,Refunded,Refunded,FC_WEST,2026-07-16,ERP_BATCH
ORD100477,CUST00102,PROD0009,3,103.42,0.05,2026-07-15T16:24:53.347797,Cancelled,Failed,FC_EAST,2026-07-16,ERP_BATCH
ORD100478,CUST00030,PROD0042,1,403.5,0.0,2026-07-16T01:25:02.877490,Delivered,Paid,FC_EAST,2026-07-16,ERP_BATCH
ORD100479,CUST00133,PROD0048,4,232.13,0.0,2026-07-16T04:44:35.892973,Delivered,Paid,FC_SOUTH,2026-07-16,ERP_BATCH
ORD100480,CUST00068,PROD0059,3,193.9,0.1,2026-07-15T15:15:30.161748,Delivered,Paid,FC_EAST,2026-07-16,ERP_BATCH
ORD100481,CUST00157,PROD0046,3,110.25,0.0,2026-07-15T19:24:04.405840,Cancelled,Failed,FC_EAST,2026-07-16,ERP_BATCH
ORD100482,CUST00126,PROD0045,2,438.8,0.1,2026-07-15T02:31:15.008618,Delivered,Paid,FC_SOUTH,2026-07-16,ERP_BATCH
ORD100484,CUST00114,PROD0012,1,142.7,0.15,2026-07-15T03:09:35.464948,Shipped,Paid,FC_NORTH,2026-07-16,ERP_BATCH
ORD100485,CUST00082,PROD0052,3,449.42,0.05,2026-07-15T10:56:28.205292,Shipped,Paid,FC_WEST,2026-07-16,ERP_BATCH
ORD100487,CUST00041,PROD0058,2,300.22,0.15,2026-07-16T00:39:14.341792,Delivered,Paid,FC_NORTH,2026-07-16,ERP_BATCH
ORD100488,CUST00058,PROD0051,1,374.77,0.0,2026-07-15T22:26:41.493140,Refunded,Refunded,FC_EAST,2026-07-16,ERP_BATCH
ORD100489,CUST00061,PROD0013,4,380.61,0.0,2026-07-15T06:59:14.175229,Delivered,Paid,FC_WEST,2026-07-16,ERP_BATCH
ORD100490,CUST00147,PROD0002,3,141.14,0.05,2026-07-15T22:27:58.476068,Delivered,Paid,FC_EAST,2026-07-16,ERP_BATCH
ORD100491,CUST00142,PROD0030,2,142.6,0.15,2026-07-15T06:34:15.501381,Delivered,Paid,FC_SOUTH,2026-07-16,ERP_BATCH
ORD100492,CUST00017,PROD0040,3,343.88,0.2,2026-07-15T03:40:40.732098,Shipped,Paid,FC_NORTH,2026-07-16,ERP_BATCH
ORD100493,CUST00185,PROD0026,4,39.43,0.1,2026-07-14T23:32:13.079409,Shipped,Paid,FC_NORTH,2026-07-16,ERP_BATCH
ORD100494,CUST00105,PROD0034,5,468.64,0.0,2026-07-15T20:40:29.581492,Cancelled,Failed,FC_SOUTH,2026-07-16,ERP_BATCH
ORD100496,CUST00133,PROD0029,3,433.91,0.1,2026-07-15T18:41:56.460168,Delivered,Paid,FC_EAST,2026-07-16,ERP_BATCH
ORD100497,CUST00200,PROD0009,5,103.42,0.15,2026-07-15T03:54:13.172888,Delivered,Paid,FC_WEST,2026-07-16,ERP_BATCH
ORD100498,CUST00197,PROD0041,2,118.38,0.15,2026-07-15T14:19:15.281487,Cancelled,Failed,FC_WEST,2026-07-16,ERP_BATCH
ORD100499,CUST00015,PROD0028,1,492.68,0.15,2026-07-15T17:22:10.627126,Refunded,Refunded,FC_SOUTH,2026-07-16,ERP_BATCH
